<?xml version="1.0" encoding="UTF-8"?>
<project-private xmlns="http://www.netbeans.org/ns/project-private/1">
    <editor-bookmarks xmlns="http://www.netbeans.org/ns/editor-bookmarks/2" lastBookmarkId="0"/>
    <open-files xmlns="http://www.netbeans.org/ns/projectui-open-files/2">
        <group name="Group 20240410-01:50:19">
            <file>file:/C:/Cust_Tests/CH_Dual/Tst_Prj041024_Pri_Part.X/main.c</file>
            <file>file:/C:/Cust_Tests/CH_Dual/Tst_Prj041024_Pri_Part.X/mcc_generated_files/system.c</file>
        </group>
        <group>
            <file>file:/C:/Cust_Tests/CH_Dual/Tst_Prj041024.X/mcc_generated_files/system.c</file>
            <file>file:/C:/Cust_Tests/CH_Dual/Tst_Prj041024.X/main.c</file>
        </group>
    </open-files>
</project-private>
