<?xml version="1.0" encoding="UTF-8"?>
<project-private xmlns="http://www.netbeans.org/ns/project-private/1">
    <editor-bookmarks xmlns="http://www.netbeans.org/ns/editor-bookmarks/2" lastBookmarkId="0"/>
    <open-files xmlns="http://www.netbeans.org/ns/projectui-open-files/2">
        <group name="dsPIC33CH128MP506 20240422-02:52:18">
            <file>file:/C:/Cust_Tests/CH_Dual/CH128MP506/SCore_Pri_042224.X/main.c</file>
        </group>
        <group name="DualCore_LU_dsPIC33CH128MP256 20240423-02:47:34">
            <file>file:/C:/CHseries/dsPIC33CH128MP506_PRAM_bootswp/SCore_Pri_042224.X/main.c</file>
        </group>
        <group/>
        <group name="dsPIC33CH 20240506-02:36:29">
            <file>file:/C:/CHSeries2/dsPIC33CH128MP506_PRAM_bootswp/SCore_Pri_042224.X/main.c</file>
        </group>
    </open-files>
</project-private>
